연도,역번호,역명,1월 승차, 1월 하차,2월 승차, 2월 하차,3월 승차,3월 하차,4월 승차,4월 하차,5월 승차,5월 하차,6월 승차,6월 하차,7월 승차,7월 하차,8월 승차,8월 하차,9월 승차,9월 하차,10월 승차,10월 하차,11월 승차,11월 하차,12월 승차,12월 하차
2006,101,판암,,,,,"57,918","56,830","86,489","83,103","88,698","84,565","78,120","73,760","77,847","70,943","80,852","74,421","86,261","80,024","86,792","78,402","89,205","80,998","94,766","84,120"
2006,102,신흥,,,,,"12,417","11,903","19,048","17,662","21,244","19,951","24,508","22,426","27,129","24,895","28,667","25,946","27,414","25,618","27,562","24,844","28,566","26,453","30,725","27,571"
2006,103,대동,,,,,"47,637","38,769","79,088","65,962","82,138","67,315","71,773","59,900","66,322","54,857","68,116","56,590","78,193","64,368","73,180","60,808","80,222","66,670","80,293","65,700"
2006,104,대전,,,,,"105,283","94,989","165,879","148,200","178,925","159,012","161,312","143,681","160,308","145,144","167,906","151,076","167,185","152,018","168,145","152,150","172,288","157,093","187,736","173,044"
2006,105,중앙로,,,,,"84,798","83,668","126,151","128,825","136,270","140,409","114,018","118,380","122,510","127,381","125,122","129,547","116,004","122,757","116,639","125,239","116,848","124,034","145,398","157,563"
2006,106,중구청,,,,,"20,785","22,693","33,209","35,426","34,878","37,196","33,530","35,458","32,309","34,719","32,085","34,479","34,894","36,789","32,323","34,262","37,768","38,551","37,922","40,226"
2006,107,서대전네거리,,,,,"63,871","63,511","98,539","99,171","105,395","107,437","98,566","100,263","94,214","96,305","95,533","98,201","96,807","98,473","96,200","98,432","101,098","101,654","116,690","116,699"
2006,108,오룡,,,,,"32,723","26,769","54,477","46,210","55,481","48,382","51,239","44,666","50,063","43,138","51,879","44,475","56,789","48,896","53,806","46,341","59,782","51,423","60,908","52,532"
2006,109,용문,,,,,"58,434","58,914","98,188","96,521","104,772","101,875","92,952","91,352","94,106","93,339","95,145","95,007","101,164","100,038","100,134","98,916","104,077","103,969","115,133","111,879"
2006,110,탄방,,,,,"30,082","36,798","53,082","62,403","58,805","68,663","55,697","62,942","55,379","63,275","55,855","63,800","59,601","67,913","58,001","66,068","62,878","71,716","70,164","79,242"
2006,111,시청,,,,,"85,306","85,620","121,855","127,198","121,297","127,801","105,000","111,921","104,045","111,554","102,251","110,072","105,026","114,163","99,600","109,091","107,911","119,008","120,015","132,463"
2006,112,정부청사,,,,,"77,137","87,737","120,081","135,438","131,525","147,927","113,507","128,715","112,001","125,696","113,725","129,258","119,843","134,210","120,465","134,281","125,149","139,945","134,828","148,522"
2006,113,갈마,,,,,,,,,,,,,,,,,,,,,,,,
2006,114,월평,,,,,,,,,,,,,,,,,,,,,,,,
2006,115,갑천,,,,,,,,,,,,,,,,,,,,,,,,
2006,116,유성온천,,,,,,,,,,,,,,,,,,,,,,,,
2006,117,구암,,,,,,,,,,,,,,,,,,,,,,,,
2006,118,현충원,,,,,,,,,,,,,,,,,,,,,,,,
2006,119,월드컵경기장,,,,,,,,,,,,,,,,,,,,,,,,
2006,120,노은,,,,,,,,,,,,,,,,,,,,,,,,
2006,121,지족,,,,,,,,,,,,,,,,,,,,,,,,
2006,122,반석,,,,,,,,,,,,,,,,,,,,,,,,
2007,101,판암,"93,353","82,701","84,619","74,943","98,570","91,510","107,200","98,917","119,049","108,048","115,289","105,099","115,697","102,718","109,886","97,581","107,504","95,888","123,999","111,113","119,416","106,116","123,077","106,849"
2007,102,신흥,"31,504","28,059","28,910","25,577","32,111","29,055","35,554","32,108","45,624","39,848","47,342","41,384","48,128","41,727","47,302","40,109","44,052","37,484","50,036","42,027","49,628","40,986","51,556","41,466"
2007,103,대동,"73,812","62,022","67,618","56,571","97,937","81,511","108,918","91,110","129,385","107,829","120,166","102,133","107,925","88,425","104,064","84,967","110,771","90,562","130,084","106,840","124,686","102,040","115,449","93,612"
2007,104,대전,"189,347","172,340","175,422","161,375","194,487","180,248","228,759","215,342","280,845","267,488","268,322","260,085","262,138","251,216","257,231","248,178","247,561","239,307","276,507","266,881","269,203","262,858","280,181","273,752"
2007,105,중앙로,"132,568","142,632","135,223","144,079","138,901","146,419","152,288","163,674","198,841","214,138","182,850","197,741","191,015","205,359","181,072","193,994","166,898","180,409","186,555","203,001","178,899","194,913","208,087","226,183"
2007,106,중구청,"37,291","40,659","34,030","36,507","41,205","42,710","49,103","52,114","59,075","63,782","58,563","63,908","57,289","62,522","53,380","57,573","50,780","53,205","60,610","66,057","59,266","63,624","58,043","63,202"
2007,107,서대전네거리,"111,912","113,295","104,301","106,249","117,578","118,815","138,360","140,062","182,154","184,755","176,321","181,739","178,291","183,414","166,440","171,358","153,496","158,576","179,236","184,689","177,347","182,542","190,569","194,520"
2007,108,오룡,"60,444","52,826","55,425","48,312","66,700","58,291","76,905","68,531","91,716","82,751","92,459","82,845","88,370","78,693","84,576","74,397","80,501","71,028","97,415","86,823","96,820","85,388","96,676","84,977"
2007,109,용문,"110,507","109,839","103,136","102,003","117,616","116,816","133,483","134,040","167,605","167,709","166,328","164,814","166,776","165,986","154,149","154,970","148,152","148,826","172,718","174,106","170,013","171,637","177,380","179,321"
2007,110,탄방,"68,498","76,568","62,675","70,176","72,852","80,668","81,605","90,918","97,181","109,905","96,103","107,847","95,443","108,787","90,887","102,896","85,411","97,722","100,850","115,300","98,806","114,336","104,379","120,535"
2007,111,시청,"121,464","131,550","111,634","120,388","121,028","133,509","139,222","152,877","172,481","190,211","166,674","182,209","173,812","188,923","163,088","178,121","146,650","163,320","176,523","195,472","173,465","193,848","183,414","206,519"
2007,112,정부청사,"129,639","143,588","122,784","135,205","138,866","153,604","134,425","146,041","137,226","149,325","129,077","140,775","126,296","140,027","118,508","131,763","105,662","119,866","134,689","148,024","125,687","141,162","130,219","146,250"
2007,113,갈마,, - ,, - ,, - ,"30,554","33,686","72,124","72,226","74,095","72,769","75,165","73,889","70,413","69,248","68,806","67,215","80,633","78,498","80,937","78,330","84,118","80,503"
2007,114,월평,, - ,, - ,, - ,"37,922","38,588","85,933","85,183","88,495","86,882","88,604","88,230","85,052","84,651","82,272","81,014","94,491","92,512","95,767","93,739","98,950","96,438"
2007,115,갑천,, - ,, - ,, - ,"9,711","10,959","22,353","23,965","23,379","24,403","23,316","24,153","22,253","22,749","21,359","21,513","26,020","26,835","26,167","26,316","26,418","26,704"
2007,116,유성온천,, - ,, - ,, - ,"54,981","52,414","121,887","116,674","119,282","114,872","108,069","106,453","102,466","101,329","107,806","103,933","130,378","125,507","130,799","127,029","134,130","131,347"
2007,117,구암,, - ,, - ,, - ,"28,646","28,090","62,556","60,513","65,025","63,190","63,088","61,471","59,298","57,893","58,721","56,553","69,398","66,516","68,905","65,679","68,561","65,984"
2007,118,현충원,, - ,, - ,, - ,"11,302","12,544","31,722","29,636","24,849","22,708","19,277","15,951","20,578","16,974","24,465","22,643","33,323","29,935","30,644","27,374","24,673","21,041"
2007,119,월드컵경기장,, - ,, - ,, - ,"24,079","23,020","51,715","49,713","54,884","50,710","52,493","48,394","48,092","45,686","43,665","40,743","52,490","50,132","51,149","47,197","52,886","48,080"
2007,120,노은,, - ,, - ,, - ,"36,258","35,793","75,780","75,263","72,384","71,113","74,225","74,357","71,072","71,958","63,736","65,252","76,454","77,865","76,576","76,950","81,487","81,214"
2007,121,지족,, - ,, - ,, - ,"31,105","29,872","64,274","62,545","59,253","57,409","58,517","57,635","57,671","56,560","54,229","53,552","67,097","66,919","68,351","67,983","65,359","64,032"
2007,122,반석,, - ,, - ,, - ,"39,455","38,376","71,428","66,962","67,440","63,676","68,546","64,802","65,355","61,511","59,396","55,889","68,875","65,133","67,732","62,509","71,222","65,392"
2008,101,판암,"118,406","103,846","105,219","91,621","126,831","113,677","126,138","112,321","128,908","114,771","122,258","108,454","124,500","108,811","114,108","100,551","116,687","104,429","127,438","114,178","121,443","108,199","126,880","112,876"
2008,102,신흥,"51,653","41,143","45,237","36,237","52,803","43,298","51,423","42,147","53,270","42,830","51,937","42,265","54,744","44,723","50,662","41,340","49,833","40,741","54,066","44,678","51,098","42,111","56,784","46,252"
2008,103,대동,"105,815","86,342","92,749","76,474","140,112","116,652","137,784","113,868","137,756","113,963","123,295","101,568","118,060","94,017","104,601","85,124","124,488","100,679","135,820","110,452","130,118","104,715","129,051","103,953"
2008,104,대전,"272,688","263,931","243,845","239,237","280,495","272,879","273,434","268,204","288,652","282,751","275,840","269,856","271,983","266,476","266,033","261,454","263,019","258,481","280,482","275,169","274,377","266,808","292,285","285,443"
2008,105,중앙로,"185,443","202,428","183,090","196,262","193,571","210,903","176,752","194,250","196,534","211,946","171,339","184,795","187,872","204,239","175,649","190,641","166,384","183,755","177,744","197,876","175,362","192,044","209,774","229,310"
2008,106,중구청,"58,813","64,044","51,062","55,414","63,461","67,955","62,733","67,187","62,319","66,697","62,187","66,803","64,111","67,969","56,106","59,743","59,588","62,942","66,103","69,853","62,828","66,732","66,279","71,943"
2008,107,서대전네거리,"182,052","187,212","163,334","168,542","194,938","200,136","186,330","192,517","195,238","201,594","185,003","191,376","187,941","197,361","174,311","183,511","171,004","177,838","186,330","192,741","184,051","188,750","207,557","211,314"
2008,108,오룡,"94,242","83,203","82,029","73,227","102,305","89,687","100,610","88,758","101,200","88,307","97,497","85,748","96,836","83,995","88,951","77,334","94,036","81,599","103,929","89,843","102,991","87,802","111,219","96,355"
2008,109,용문,"168,672","171,202","151,323","153,125","179,037","181,393","173,433","177,808","178,826","181,854","170,453","173,354","175,137","177,987","161,498","162,443","162,827","166,846","181,017","183,922","178,881","181,328","200,823","203,479"
2008,110,탄방,"101,502","115,331","89,592","101,742","105,969","120,833","104,230","117,291","110,399","124,770","107,223","120,284","111,424","126,014","102,383","115,833","103,448","117,439","112,759","128,734","108,389","124,529","120,559","138,518"
2008,111,시청,"189,880","209,246","162,275","181,509","184,309","206,674","178,694","199,410","185,973","206,612","178,704","198,382","190,573","209,105","174,216","191,549","170,359","190,765","185,890","207,508","181,390","204,501","203,838","228,061"
2008,112,정부청사,"126,729","142,271","110,340","122,803","127,327","144,214","125,924","142,781","132,803","149,588","124,064","140,289","126,930","141,273","117,444","128,389","118,380","129,865","138,133","151,287","132,354","145,335","144,443","159,522"
2008,113,갈마,"83,352","81,482","74,787","72,470","86,131","84,430","85,946","83,034","90,346","86,006","85,110","81,504","87,525","84,788","81,568","78,958","82,264","79,033","90,186","86,282","87,315","84,132","94,986","90,572"
2008,114,월평,"95,065","94,420","86,271","84,471","101,861","99,984","100,211","99,243","105,557","104,374","100,981","99,771","101,492","99,757","95,623","95,067","95,330","94,633","102,085","100,369","102,452","101,245","109,206","106,997"
2008,115,갑천,"25,644","25,733","23,245","23,416","29,801","29,853","29,128","29,771","30,502","30,728","28,916","29,174","28,090","28,297","26,277","26,455","27,274","27,100","29,690","30,034","29,928","30,448","31,352","31,416"
2008,116,유성온천,"123,497","122,941","112,771","110,165","154,801","149,266","152,954","147,022","160,064","155,503","146,642","143,331","136,225","134,890","131,641","130,738","144,103","140,614","162,665","157,689","158,698","155,196","164,433","161,115"
2008,117,구암,"65,445","62,992","60,605","57,104","78,014","73,300","76,805","72,375","80,092","77,992","77,105","75,632","75,280","73,201","71,528","69,520","75,558","72,755","81,860","78,715","78,080","75,961","81,527","78,078"
2008,118,현충원,"21,601","17,050","19,921","15,637","36,567","33,299","42,448","36,953","42,539","37,291","34,746","30,885","28,620","23,487","32,014","25,447","39,064","35,177","43,816","38,944","40,549","36,647","33,576","29,388"
2008,119,월드컵경기장,"51,183","46,477","43,048","39,943","55,579","51,660","55,453","51,326","61,599","62,580","58,268","54,990","56,217","54,248","50,253","46,679","53,924","50,113","63,869","60,481","56,001","55,083","58,871","53,444"
2008,120,노은,"81,810","82,517","70,893","72,576","81,922","84,182","80,723","82,694","86,786","88,550","83,997","85,672","89,324","90,698","83,246","85,723","82,762","85,453","90,065","92,562","87,312","88,667","95,599","96,040"
2008,121,지족,"66,864","64,940","57,108","55,283","73,083","72,954","73,433","72,966","74,758","72,935","70,672","69,388","69,824","69,064","64,101","62,986","72,514","71,494","82,750","83,185","81,239","81,371","83,791","83,691"
2008,122,반석,"71,666","65,673","64,324","59,012","74,515","68,226","74,740","69,399","77,392","71,357","75,294","70,346","79,704","74,582","72,336","68,106","71,703","66,222","77,086","71,318","72,796","68,149","77,668","72,206"
2009,101,판암,"125,847","113,593","124,994","112,138","145,604","131,818","144,102","129,468","144,287",129936,"140,228","124,653","138,309","122,874","135,983","122,049","141,475","126,350","142,535","126,994","133,565","119,257","139,018","121,280"
2009,102,신흥,"55,179","46,953","53,585","45,783","60,381","51,042","59,008","48,920","59,833",50158,"57,875","49,343","59,519","49,573","59,582","50,398","60,594","50,612","59,087","49,053","56,049","46,446","60,581","50,352"
2009,103,대동,"117,239","96,197","118,216","97,527","164,671","138,781","157,544","132,324","156,780",129982,"144,302","119,810","135,210","109,202","128,943","105,199","153,802","126,136","146,805","121,076","142,866","119,328","143,421","118,445"
2009,104,대전,"308,601","298,437","297,732","290,174","331,366","321,771","322,129","316,562","334,461",326162,"311,194","306,217","304,632","300,683","322,782","315,094","308,860","308,852","310,150","309,086","291,519","287,982","313,388","314,453"
2009,105,중앙로,"209,085","221,870","216,838","229,051","223,775","237,100","201,763","216,492","223,141",237511,"192,713","205,940","209,416","224,453","213,860","224,967","194,731","210,202","195,282","212,196","189,465","202,820","225,826","242,188"
2009,106,중구청,"62,932","67,512","63,807","69,058","73,883","78,745","71,981","77,261","69,751",73787,"70,370","74,427","70,386","74,718","65,789","68,973","70,045","73,347","67,250","71,119","64,952","68,345","69,338","73,911"
2009,107,서대전네거리,"218,279","224,246","216,811","223,045","235,239","236,883","226,093","228,510","240,777",245227,"221,778","224,352","221,103","225,972","221,034","227,730","221,834","223,152","218,696","221,197","210,142","212,464","231,412","235,369"
2009,108,오룡,"109,653","98,054","112,098","100,357","130,661","116,192","127,225","111,764","123,599",107777,"120,328","105,087","117,544","103,253","112,940","99,760","120,549","105,269","117,325","103,099","114,905","100,290","122,779","107,086"
2009,109,용문,"207,686","214,810","204,378","208,392","219,835","224,554","209,290","213,975","212,963",216945,"205,416","207,936","208,889","210,849","201,472","203,988","206,279","208,500","206,339","207,989","196,003","198,434","214,427","219,142"
2009,110,탄방,"116,049","131,780","116,650","132,579","129,124","147,604","126,197","143,126","126,921",144232,"122,893","139,243","127,023","144,501","121,028","137,284","123,759","140,925","119,974","137,546","115,938","133,284","129,986","149,436"
2009,111,시청,"207,135","223,067","208,582","227,388","212,881","237,170","201,345","224,596","210,147",233011,"201,075","221,314","214,217","235,387","207,357","225,493","207,874","231,868","196,001","218,667","193,756","215,977","218,371","242,181"
2009,112,정부청사,"144,792","157,127","152,039","162,723","163,127","177,154","158,249","172,537","162,628",177464,"153,046","169,461","153,643","168,707","149,186","164,591","152,216","166,661","153,516","167,664","147,383","162,263","162,443","179,559"
2009,113,갈마,"99,129","95,255","99,556","95,311","106,916","103,650","103,517","100,046","105,095",101228,"96,968","93,361","99,032","94,543","95,104","90,892","97,900","93,590","97,797","93,854","94,357","89,835","102,354","96,568"
2009,114,월평,"108,070","107,292","108,336","106,841","124,217","123,141","120,245","119,131","123,763",123839,"117,151","116,173","118,400","117,699","113,018","113,426","120,642","119,778","118,119","118,190","116,461","117,023","122,949","121,014"
2009,115,갑천,"29,395","29,092","30,546","30,102","34,309","34,818","34,945","34,987","35,264",35361,"33,128","33,160","31,281","30,659","31,769","32,264","32,914","32,808","33,112","32,980","32,268","31,696","33,135","32,473"
2009,116,유성온천,"164,430","163,149","167,411","167,460","202,870","199,810","186,925","183,998","193,739",192403,"168,937","167,509","156,057","156,481","151,460","152,080","168,933","167,756","171,377","169,364","166,552","167,050","178,129","177,460"
2009,117,구암,"80,815","78,765","83,373","79,476","100,330","96,253","98,425","95,765","99,146",95418,"91,604","88,716","87,260","85,040","84,842","82,550","94,740","91,070","92,627","88,653","88,427","83,792","91,148","84,631"
2009,118,현충원,"33,868","27,952","36,641","30,332","59,945","58,212","66,391","62,264","62,917",57769,"49,768","48,658","38,380","34,286","39,648","34,709","52,560","52,645","52,523","51,714","47,326","46,988","41,997","39,167"
2009,119,월드컵경기장,"52,144","48,697","52,503","49,184","62,166","59,214","64,443","60,417","65,552",64070,"63,102","59,611","59,766","56,103","56,211","53,051","60,716","56,722","67,448","62,601","58,094","54,746","63,075","58,487"
2009,120,노은,"90,820","93,261","92,287","94,899","100,698","102,971","96,544","98,762","101,191",103644,"96,496","98,879","100,444","102,134","95,417","98,043","97,096","98,831","95,047","96,062","92,145","92,981","102,706","102,024"
2009,121,지족,"73,344","73,116","72,798","73,268","88,665","89,400","86,612","87,463","85,555",85683,"81,308","83,071","79,060","79,756","73,605","74,501","82,367","82,490","82,003","80,721","79,549","78,105","84,413","82,731"
2009,122,반석,"74,222","68,939","75,307","69,725","83,454","76,885","81,582","75,172","82,758",76707,"81,533","74,897","83,639","76,954","79,811","73,873","80,957","74,927","78,025","72,233","75,758","69,918","83,533","76,395"
2010,101,판암,"131,713","116,754","118,812","104,482","148,425","132,434","147,928","130,927","150,216","132,711","142,958","125,930","143,052","124,903","133,040","117,085","133,740","118,110","150,859","132,311","143,713","125,496","148,904","129,606"
2010,102,신흥,"59,763","48,468","51,538","42,287","61,391","50,890","60,482","49,924","60,984","50,740","60,200","49,879","59,434","49,412","56,417","46,889","54,596","45,454","59,767","48,788","57,719","47,330","64,051","51,205"
2010,103,대동,"126,797","104,215","112,086","92,674","170,277","144,542","163,702","139,608","165,533","140,274","159,105","134,934","148,558","122,699","132,527","108,573","147,039","121,955","167,738","141,697","166,493","141,084","174,357","146,923"
2010,104,대전,"313,638","308,651","277,833","276,623","325,322","322,947","316,689","318,990","336,749","333,829","312,565","312,841","308,234","311,298","304,162","301,781","296,782","298,141","332,654","334,324","318,007","320,327","342,666","351,521"
2010,105,중앙로,"213,268","229,321","199,419","214,126","221,259","235,257","202,348","218,377","227,640","241,841","199,347","214,584","211,709","227,674","203,225","217,506","194,063","210,568","205,488","226,285","199,784","218,885","240,220","259,898"
2010,106,중구청,"65,872","70,803","58,175","61,633","71,269","74,555","68,556","72,182","67,209","71,420","68,126","71,566","67,039","71,164","60,805","65,120","60,910","64,740","69,238","73,083","68,046","72,252","72,330","77,864"
2010,107,서대전네거리,"225,639","230,980","196,982","203,116","232,658","238,397","227,862","232,541","241,312","246,181","236,363","242,818","223,059","230,769","210,798","218,479","203,778","210,536","231,522","238,696","227,234","234,988","259,167","265,474"
2010,108,오룡,"118,082","104,544","104,690","92,884","132,453","115,776","131,134","115,367","127,274","112,320","123,837","109,489","120,687","106,624","114,569","101,893","116,722","102,416","133,911","118,497","134,564","118,734","146,956","131,048"
2010,109,용문,"214,014","216,330","185,180","186,808","223,229","226,982","221,630","224,622","225,772","227,151","217,784","219,194","214,341","213,726","200,615","200,101","197,482","196,526","223,508","225,473","220,119","221,564","242,997","245,382"
2010,110,탄방,"129,485","144,711","114,510","128,713","137,083","153,945","133,580","149,804","134,198","151,202","133,424","149,005","133,947","150,188","125,151","140,086","120,275","135,197","135,242","152,078","131,337","148,064","149,916","169,604"
2010,111,시청,"224,002","244,610","194,115","211,062","218,262","239,294","210,153","231,145","218,643","239,998","208,986","228,743","213,668","234,066","200,067","216,643","188,459","208,439","213,854","234,703","212,378","232,882","249,826","272,746"
2010,112,정부청사,"158,315","174,371","135,728","148,565","163,072","181,842","163,983","181,636","169,579","187,361","159,504","176,198","155,658","172,051","148,336","164,829","143,720","158,914","171,854","189,907","168,528","186,072","195,100","214,423"
2010,113,갈마,"102,340","98,507","89,647","86,007","104,757","102,924","103,889","100,564","107,766","103,815","102,786","99,032","101,197","96,558","93,527","89,536","92,637","89,330","104,693","100,095","101,842","98,042","112,270","107,939"
2010,114,월평,"121,270","120,459","105,127","103,869","126,933","125,489","124,664","122,875","129,717","128,515","122,304","121,541","120,456","120,323","114,092","115,625","114,551","114,759","128,919","128,357","127,492","126,775","136,613","134,320"
2010,115,갑천,"32,260","31,601","27,965","27,663","33,805","33,387","34,283","33,887","35,201","34,801","34,335","33,810","33,400","33,111","31,243","30,810","30,139","29,284","35,854","35,304","34,720","34,055","36,370","35,358"
2010,116,유성온천,"165,780","167,318","144,364","145,004","196,681","194,201","188,187","185,310","194,248","192,153","173,254","170,143","160,972","159,456","150,135","151,619","164,028","160,488","204,340","198,464","209,225","203,153","235,153","228,245"
2010,117,구암,"85,094","81,015","76,923","73,189","97,673","92,211","97,999","92,304","100,795","95,696","95,061","90,256","89,060","85,821","82,029","79,452","87,491","83,294","97,280","91,215","94,942","88,735","96,909","91,352"
2010,118,현충원,"35,432","31,283","31,832","28,001","56,312","57,652","60,738","60,995","60,447","59,924","51,663","51,232","40,844","37,156","41,480","36,521","49,970","48,653","59,805","57,787","56,939","55,414","48,933","45,066"
2010,119,월드컵경기장,"60,013","55,614","52,853","49,066","67,656","62,148","66,059","61,441","68,078","66,890","84,886","82,042","66,427","61,950","61,805","57,147","64,578","59,994","71,116","66,171","70,364","66,686","76,568","71,339"
2010,120,노은,"102,839","103,961","89,307","90,830","103,356","105,233","100,704","101,970","104,977","106,408","102,203","102,176","105,483","106,466","100,274","102,547","94,449","96,214","106,056","107,840","105,099","106,365","120,012","120,241"
2010,121,지족,"80,008","78,278","70,692","69,247","90,299","88,821","88,650","86,585","88,346","87,180","83,844","82,942","79,827","78,976","75,722","74,572","77,278","76,024","88,769","87,726","89,420","88,106","97,854","93,858"
2010,122,반석,"81,941","76,086","72,680","66,594","85,177","78,935","85,145","78,268","85,043","78,968","83,670","78,603","85,689","80,132","80,290","75,063","77,264","72,744","87,193","81,115","85,234","79,424","96,267","88,503"
2011,101,판암,"133,141","116,316","120,397","105,232","153,423","137,075","149,621","133,189","152,572","134,630","141,661","124,756","137,487","120,634","134,669","117,596","140,622","122,335","149,182","130,211","147,677","128,590","148,480","127,938"
2011,102,신흥,"57,776","46,384","50,381","40,925","61,480","50,140","60,553","48,991","61,643","49,932","59,119","47,984","58,863","48,082","57,007","46,676","56,507","46,440","59,240","49,227","58,431","47,622","60,222","48,383"
2011,103,대동,"148,766","125,488","124,900","105,348","194,681","166,970","187,606","159,639","191,213","162,182","178,146","149,288","169,187","139,105","157,706","129,593","178,780","145,872","189,247","154,982","188,453","157,120","183,326","151,462"
2011,104,대전,"329,289","330,633","293,320","292,917","352,473","351,446","342,699","346,597","356,242","355,694","328,119","331,296","324,445","327,169","327,260","328,115","323,937","328,697","344,176","345,128","330,931","334,470","341,854","346,669"
2011,105,중앙로,"218,494","235,952","210,664","226,041","232,588","248,866","211,812","231,408","227,169","248,362","199,560","218,488","213,851","235,203","210,508","228,165","202,923","224,443","209,595","233,741","205,693","227,317","237,024","259,705"
2011,106,중구청,"65,270","69,721","56,427","61,527","73,615","78,688","71,727","77,302","71,528","76,136","69,162","74,088","67,632","73,236","66,671","71,616","66,773","71,339","71,926","76,816","71,663","76,479","72,544","77,664"
2011,107,서대전네거리,"232,152","238,468","206,211","215,080","249,475","258,474","241,248","249,872","252,794","261,248","233,992","243,212","234,147","245,934","226,685","239,347","225,196","236,393","241,027","254,804","241,568","252,749","253,622","265,146"
2011,108,오룡,"130,249","116,914","111,860","101,228","146,535","131,050","142,966","129,279","139,698","126,352","133,633","120,477","127,001","113,753","123,782","111,637","128,142","114,660","138,065","123,166","140,273","124,409","139,186","125,775"
2011,109,용문,"227,288","229,119","196,513","197,700","240,514","241,834","228,521","230,779","235,280","234,743","221,598","222,893","221,061","221,212","214,540","214,165","216,513","219,354","234,059","235,847","228,224","231,341","237,187","240,386"
2011,110,탄방,"138,329","153,581","119,219","132,742","148,194","165,096","143,542","160,043","147,009","163,605","138,272","153,536","139,010","154,930","134,391","149,252","131,783","148,819","140,504","158,905","138,059","156,884","146,881","167,844"
2011,111,시청,"232,711","252,677","203,613","220,732","237,154","260,514","226,944","248,045","234,987","256,625","218,163","239,377","227,058","247,100","220,894","240,539","216,470","238,699","227,376","249,126","231,164","254,301","244,542","269,682"
2011,112,정부청사,"172,053","189,576","150,387","163,979","185,077","204,619","181,319","199,754","189,784","209,928","174,842","193,114","171,832","189,195","169,623","186,917","170,255","186,557","185,301","201,790","188,485","205,299","193,953","211,939"
2011,113,갈마,"103,381","100,046","92,461","88,376","110,951","107,245","106,942","102,799","109,917","105,085","102,077","97,113","102,043","96,774","97,548","92,975","98,453","94,569","106,491","101,038","106,319","101,094","109,828","103,559"
2011,114,월평,"126,220","126,695","108,969","108,927","135,073","133,523","130,863","128,104","132,321","130,517","127,618","127,045","125,655","124,665","120,723","122,489","125,395","125,505","134,470","133,793","136,108","134,803","133,547","132,378"
2011,115,갑천,"32,708","31,706","29,343","28,694","37,078","36,513","36,789","36,726","36,971","35,987","34,431","32,968","31,498","29,716","29,977","28,166","32,670","30,989","36,345","35,134","36,082","34,722","35,530","33,851"
2011,116,유성온천,"206,450","201,116","185,626","180,989","252,262","243,312","237,670","228,641","240,780","235,344","216,255","208,754","201,302","194,648","194,623","192,535","209,304","204,269","230,983","228,342","229,627","226,769","243,438","239,585"
2011,117,구암,"86,256","83,025","78,468","74,043","104,101","96,356","104,286","97,032","105,105","98,903","95,744","90,722","90,945","86,403","88,670","86,932","89,867","88,265","94,391","93,806","94,232","93,954","93,210","92,938"
2011,118,현충원,"39,885","34,085","37,997","32,805","69,146","67,247","73,266","69,754","70,517","67,233","59,170","56,367","47,183","41,917","54,935","43,426","71,316","59,095","80,923","66,833","78,379","64,335","67,914","52,211"
2011,119,월드컵경기장,"67,214","62,172","56,987","53,018","77,857","74,618","74,927","70,976","75,995","73,159","78,199","72,873","70,665","65,623","68,952","63,623","72,171","67,572","80,171","77,266","74,653","69,767","77,159","70,912"
2011,120,노은,"109,748","112,139","95,346","97,627","114,551","117,820","110,541","113,670","113,744","116,820","108,853","111,328","113,817","117,525","111,500","115,157","107,664","110,138","115,515","117,699","117,145","119,418","124,408","124,790"
2011,121,지족,"86,958","83,669","76,147","73,340","100,368","97,745","96,703","93,265","96,549","93,394","87,084","84,271","83,247","80,891","85,074","82,398","91,115","87,380","96,029","93,066","98,338","95,077","97,402","92,729"
2011,122,반석,"86,946","81,913","77,722","72,255","95,113","89,020","93,456","87,548","94,013","87,851","91,147","85,694","91,458","84,511","90,108","83,018","88,113","82,019","94,769","88,053","93,953","87,833","97,513","90,320"
2012,101,판암,"132,939","114,085","133,360","115,357","148,599","132,050","145,565","128,263","158,363","139,120","146,877","128,421","143,283","124,377","132,706","114,304","142,243","124,716","149,275","130,706","146,730","128,784","148,680","129,805"
2012,102,신흥,"54,481","44,543","53,914","43,843","58,673","48,020","56,769","46,288","62,430","51,160","58,406","48,539","58,974","48,782","55,049","45,620","57,550","47,277","59,203","48,487","58,663","47,552","62,338","49,796"
2012,103,대동,"149,872","125,949","145,307","123,269","198,125","169,531","188,757","161,002","206,734","175,488","183,312","155,656","173,338","147,063","150,664","128,961","177,869","151,329","184,420","157,480","185,227","157,786","184,785","156,613"
2012,104,대전,"319,279","318,801","320,222","320,229","348,480","348,814","334,871","334,113","355,161","356,062","338,055","340,797","321,521","325,422","307,717","312,314","322,510","328,807","335,281","334,479","332,093","339,057","362,363","372,732"
2012,105,중앙로,"209,719","229,577","216,340","235,579","223,523","243,713","202,041","223,958","234,319","256,993","204,970","225,947","214,986","233,265","196,502","212,495","190,973","208,300","205,073","224,261","196,387","214,651","237,192","254,545"
2012,106,중구청,"65,742","70,053","67,731","72,096","75,384","80,078","71,828","77,215","77,343","83,081","73,515","78,310","72,651","77,515","66,857","70,570","69,459","73,817","74,341","79,772","75,202","80,022","74,607","80,614"
2012,107,서대전네거리,"222,622","232,248","223,738","232,921","239,258","249,975","232,951","242,608","252,989","262,645","233,856","242,742","229,105","238,522","208,396","218,688","216,559","224,691","232,785","240,684","234,980","244,665","254,402","263,934"
2012,108,오룡,"122,930","111,077","127,183","115,878","142,841","129,999","137,846","126,011","148,163","134,226","136,457","125,060","131,059","120,185","122,784","111,887","132,217","119,992","137,465","125,811","142,370","129,160","145,013","131,296"
2012,109,용문,"217,821","221,047","217,921","218,761","231,318","234,136","224,913","227,031","240,825","242,987","225,606","228,552","225,653","226,438","207,651","208,350","212,942","215,643","226,726","230,642","228,096","231,755","248,634","251,987"
2012,110,탄방,"134,072","151,237","135,987","151,836","146,899","163,471","139,155","155,559","149,363","168,225","140,515","156,930","138,708","154,593","128,168","142,225","131,836","147,899","138,733","155,980","142,113","161,207","158,215","179,495"
2012,111,시청,"232,419","252,739","237,495","258,125","237,123","261,508","223,643","246,825","242,935","268,083","226,264","248,662","233,444","255,393","213,519","232,812","212,935","235,531","226,714","249,241","230,554","253,157","253,530","278,608"
2012,112,정부청사,"174,218","191,191","179,688","197,750","188,963","207,182","184,406","202,971","204,310","224,483","189,855","207,941","183,513","203,268","167,250","185,558","174,858","193,304","186,631","207,073","194,818","214,663","211,177","234,031"
2012,113,갈마,"99,397","94,976","99,884","95,120","105,852","102,392","102,053","96,897","112,039","105,788","103,966","97,952","100,229","93,841","90,744","85,753","95,258","90,810","99,913","95,028","101,093","96,078","109,268","103,796"
2012,114,월평,"120,189","121,052","121,786","120,464","135,863","135,179","130,503","131,166","138,264","137,296","127,324","126,704","123,525","124,468","115,190","115,557","124,746","124,350","127,084","129,948","130,508","130,797","141,119","140,810"
2012,115,갑천,"31,174","29,860","31,785","30,813","36,033","34,931","34,263","33,220","37,284","35,830","34,850","33,715","32,210","30,587","28,994","26,913","30,469","28,951","33,919","32,427","34,784","32,611","35,504","32,951"
2012,116,유성온천,"211,454","209,096","218,476","216,235","249,424","245,837","234,056","231,843","269,134","267,950","233,890","228,527","219,255","215,714","201,017","199,276","221,527","219,150","239,519","239,347","246,390","243,914","267,800","262,841"
2012,117,구암,"81,903","82,852","84,363","85,045","97,015","95,822","96,165","95,171","102,149","103,842","94,673","95,385","88,611","89,690","81,691","82,697","90,967","90,386","95,464","95,170","95,291","94,374","95,920","94,706"
2012,118,현충원,"56,960","40,956","58,582","42,643","90,765","72,551","93,371","73,950","99,082","79,137","81,612","65,079","66,253","49,263","63,469","46,980","81,006","64,438","91,279","71,461","85,996","66,408","76,062","54,650"
2012,119,월드컵경기장,"68,302","61,937","68,479","63,295","74,385","70,518","73,729","69,306","78,733","74,097","81,068","76,761","72,683","68,175","67,465","63,033","74,254","68,862","74,056","68,426","74,884","69,736","80,753","74,282"
2012,120,노은,"113,607","116,432","117,001","119,211","117,516","120,520","113,255","115,669","126,234","128,869","117,906","121,201","121,620","124,397","112,815","116,676","112,754","117,182","119,211","123,552","121,966","126,413","137,871","140,887"
2012,121,지족,"85,716","81,326","88,953","84,561","101,197","95,660","97,443","93,489","104,311","99,040","92,294","88,453","89,521","86,228","84,635","80,820","90,674","86,645","97,128","93,536","99,147","94,595","100,142","93,801"
2012,122,반석,"93,933","86,656","98,110","90,987","102,009","94,612","98,939","91,665","107,877","99,853","101,326","93,151","103,344","95,870","97,219","88,927","101,499","92,848","110,809","100,705","111,780","101,032","126,291","114,374"
2013,101,판암,"143,506","124,744","126,602","109,968","153,150","136,967","152,699","135,650","162,619","144,053","143,243","126,362","144,265","126,614","139,801","122,351","139,955","122,393","157,779","138,772","153,750","134,311","155,857","135,133"
2013,102,신흥,"59,805","48,480","51,439","42,240","60,442","49,445","60,284","48,975","63,085","52,184","57,463","47,844","60,389","50,010","56,851","47,350","55,674","46,285","62,360","51,916","60,749","50,129","63,954","51,449"
2013,103,대동,"169,058","145,196","140,867","119,678","204,167","175,216","199,345","170,645","210,997","177,465","180,781","153,736","174,678","148,645","157,374","133,146","176,813","148,177","199,464","167,832","196,615","165,573","190,222","159,808"
2013,104,대전,"336,647","340,290","303,807","308,586","351,841","352,170","337,450","341,660","362,647","367,852","336,054","340,529","330,166","334,999","330,084","334,473","326,462","327,054","350,560","356,037","347,643","354,058","349,748","354,575"
2013,105,중앙로,"211,298","230,454","205,346","220,137","228,043","245,341","199,554","218,092","233,301","254,038","201,025","219,179","213,739","232,284","209,733","227,796","198,676","220,828","207,785","231,523","209,065","231,656","251,385","275,718"
2013,106,중구청,"69,736","75,486","59,909","65,452","72,182","78,298","74,168","80,378","76,550","83,917","69,811","75,313","76,200","83,046","69,945","74,792","68,592","74,406","79,219","85,729","77,228","84,106","77,708","85,804"
2013,107,서대전네거리,"244,454","253,680","213,363","220,753","248,218","256,853","242,766","249,684","259,701","268,062","234,243","243,767","233,706","241,001","221,746","230,781","215,558","224,634","246,828","256,732","244,830","253,899","257,783","266,100"
2013,108,오룡,"142,961","129,393","120,853","109,826","144,546","132,262","145,216","132,430","150,746","137,092","136,472","124,359","139,318","125,239","127,945","115,249","125,497","113,851","144,498","131,110","143,313","129,577","148,476","133,641"
2013,109,용문,"244,800","246,870","208,595","210,624","243,271","247,448","235,579","240,383","248,963","253,545","230,986","232,620","233,450","236,378","220,388","222,682","214,730","217,191","240,033","244,089","239,671","243,405","253,384","257,688"
2013,110,탄방,"156,302","173,739","132,285","147,479","154,526","171,161","150,768","166,997","155,340","172,995","142,767","158,303","147,256","163,065","142,448","158,225","133,905","150,479","153,245","170,993","152,930","171,879","163,445","184,073"
2013,111,시청,"256,976","279,099","214,800","236,844","236,252","261,854","227,859","250,939","242,591","267,462","219,487","242,144","238,009","261,245","218,442","240,005","201,896","224,882","231,977","255,130","235,450","259,054","251,885","277,684"
2013,112,정부청사,"203,706","225,635","173,944","191,772","201,396","222,681","200,006","220,463","214,913","236,800","191,015","209,659","193,568","213,223","181,438","197,782","176,365","193,718","207,108","225,692","208,125","226,353","215,692","238,526"
2013,113,갈마,"104,763","99,104","91,775","87,012","106,257","101,487","102,308","98,659","109,404","105,525","98,656","94,112","100,099","95,446","93,786","89,227","92,909","89,753","104,768","100,697","104,006","99,845","108,513","103,435"
2013,114,월평,"132,387","132,314","114,297","114,310","139,526","138,713","133,374","133,745","141,342","140,671","125,401","125,335","125,022","126,124","120,660","122,848","121,378","122,607","135,991","136,351","135,989","136,527","137,591","137,769"
2013,115,갑천,"34,022","32,358","29,532","28,015","37,040","35,811","36,200","34,758","37,585","36,146","35,248","33,071","33,851","31,944","32,122","30,062","31,910","31,040","37,017","36,383","36,445","35,927","36,287","35,149"
2013,116,유성온천,"248,376","244,217","217,752","213,976","270,977","267,933","256,676","254,275","278,505","276,442","236,452","233,893","232,176","231,509","221,354","221,850","230,278","229,528","260,414","258,905","263,532","262,723","273,459","271,247"
2013,117,구암,"92,314","92,098","81,575","81,223","102,052","101,178","99,135","97,726","105,117","104,730","95,051","94,375","91,985","92,251","87,398","88,280","88,526","88,139","100,368","100,965","96,893","98,340","97,168","97,660"
2013,118,현충원,"66,410","47,388","61,576","43,126","98,713","77,926","98,375","78,109","105,651","82,101","85,336","65,994","67,820","48,913","67,003","47,136","82,167","62,753","93,836","72,518","89,939","67,404","78,022","55,847"
2013,119,월드컵경기장,"76,464","71,140","64,274","60,201","76,981","73,989","76,301","73,191","81,285","79,374","85,066","82,994","76,803","72,163","72,300","66,671","68,982","63,927","79,806","73,935","77,961","73,279","80,805","74,077"
2013,120,노은,"131,607","136,084","113,898","117,720","124,759","129,820","121,732","126,052","131,776","136,622","121,383","125,270","128,729","131,803","123,468","128,263","114,533","118,580","127,556","131,762","129,433","133,680","136,957","140,281"
2013,121,지족,"95,041","90,924","81,523","78,465","100,918","97,721","100,008","97,069","104,052","100,093","90,376","86,661","89,746","85,900","82,578","79,433","86,446","82,380","98,473","94,044","99,251","94,237","98,722","93,474"
2013,122,반석,"126,464","116,067","112,251","102,376","126,273","115,380","123,435","112,815","130,920","118,143","121,914","112,632","130,307","120,060","126,457","115,698","118,604","108,072","137,028","124,297","135,449","121,299","145,533","130,718"
2014,101,판암,"139,406","121,096","131,404","113,114","154,030","134,552","154,696","135,295","157,177","137,125","142,072","123,528","145,302","126,734","137,652","118,465","142,154","122,852","150,807","130,983","144,755","124,110","151,046","130,240"
2014,102,신흥,"57,405","47,907","54,363","44,546","61,609","51,163","61,541","50,976","61,829","51,410","57,761","48,366","61,012","51,336","56,415","47,840","56,930","48,623","59,784","51,466","57,474","48,872","57,474","51,820"
2014,103,대동,"164,807","140,475","146,878","126,214","205,938","177,276","199,973","171,785","204,702","174,747","180,720","155,663","184,575","156,648","163,387","138,761","187,540","158,496","198,193","167,717","193,486","164,381","199,084","168,912"
2014,104,대전,"325,865","331,759","308,829","307,680","354,809","353,514","346,831","349,983","366,973","368,741","340,293","342,211","337,227","342,748","343,872","346,456","331,710","334,665","347,707","352,604","339,370","342,038","359,941","365,773"
2014,105,중앙로,"207,948","227,547","215,753","232,979","228,135","248,338","206,128","226,858","239,830","262,028","205,469","223,307","217,922","238,563","213,088","232,937","203,313","224,051","208,930","231,772","205,682","227,594","241,930","265,183"
2014,106,중구청,"73,930","80,642","70,479","77,649","81,613","88,202","81,627","88,901","78,365","85,757","71,427","77,751","79,121","85,555","72,469","77,838","75,335","81,002","81,181","87,096","75,970","81,172","81,774","87,384"
2014,107,서대전네거리,"233,640","243,796","223,473","231,794","248,194","258,394","245,554","255,093","256,485","268,265","234,193","242,798","241,910","249,454","231,798","241,695","230,608","238,773","248,339","257,370","245,277","254,355","266,316","274,754"
2014,108,오룡,"138,836","126,241","128,756","116,859","150,326","136,481","151,571","137,616","148,050","133,949","134,930","123,148","141,394","127,869","132,387","119,486","134,989","121,571","149,523","135,373","145,247","131,117","157,709","141,966"
2014,109,용문,"233,372","236,461","215,328","220,525","242,492","246,868","236,417","239,507","242,795","244,624","225,059","226,064","235,501","234,976","221,458","222,888","217,807","219,524","238,442","241,623","233,880","236,404","255,185","259,659"
2014,110,탄방,"151,240","167,725","141,982","156,962","160,080","177,132","155,419","173,112","157,780","176,508","147,353","163,674","156,697","174,389","149,389","166,058","146,082","164,048","159,162","179,210","154,899","175,141","175,593","198,245"
2014,111,시청,"239,801","261,179","228,905","250,283","240,563","266,544","236,875","261,483","244,632","270,017","219,882","242,985","246,706","271,216","231,622","250,975","217,757","239,665","234,189","257,476","231,657","253,083","264,453","290,458"
2014,112,정부청사,"196,191","213,654","189,487","206,555","209,856","230,366","208,274","226,997","213,182","232,348","193,129","210,794","204,899","224,972","194,711","212,747","193,043","210,474","213,841","232,870","208,245","226,586","230,450","254,106"
2014,113,갈마,"99,237","95,228","95,337","91,739","106,468","102,169","104,917","100,681","108,709","105,544","100,491","95,968","102,868","97,665","97,200","92,778","96,346","93,016","104,465","99,927","101,236","97,420","110,378","106,336"
2014,114,월평,"125,854","125,173","115,271","116,603","135,734","138,221","130,983","131,198","137,523","137,924","124,514","126,116","126,915","127,725","122,903","124,260","123,875","125,362","134,776","134,038","131,647","132,374","138,097","137,492"
2014,115,갑천,"32,563","31,807","31,902","30,761","36,425","35,961","36,040","35,583","36,869","36,224","34,074","33,045","34,302","32,959","31,221","30,295","31,573","30,927","34,592","34,174","33,615","32,926","35,488","33,936"
2014,116,유성온천,"245,112","243,041","235,420","235,862","278,503","279,092","270,541","270,022","277,232","276,246","251,255","250,038","251,229","252,368","243,606","244,584","251,666","253,401","275,804","274,387","275,567","277,327","307,946","307,060"
2014,117,구암,"88,801","89,158","82,776","83,337","99,399","100,291","100,054","101,667","102,415","103,953","93,264","94,504","93,162","92,398","89,833","90,547","90,025","90,324","97,963","98,987","94,855","94,224","97,238","95,583"
2014,118,현충원,"63,991","44,585","61,612","41,959","97,029","72,937","99,541","76,705","99,286","75,325","80,606","62,130","68,731","50,426","68,160","48,467","85,080","66,554","93,657","73,463","86,655","67,400","79,403","58,729"
2014,119,월드컵경기장,"73,133","66,648","67,750","62,882","76,199","70,454","74,831","69,836","76,486","71,497","77,327","72,509","74,061","68,399","80,101","75,893","71,771","66,349","77,643","71,707","75,087","69,926","82,440","75,995"
2014,120,노은,"128,658","132,733","125,412","129,963","132,977","138,658","130,287","135,431","135,536","141,094","124,207","128,862","135,577","140,961","130,753","136,101","120,845","127,693","130,606","136,866","129,236","134,523","148,113","152,950"
2014,121,지족,"86,455","82,407","85,170","81,087","102,333","98,361","101,183","97,836","101,667","96,513","90,013","86,181","93,213","88,084","88,131","83,400","92,581","88,030","100,039","95,322","96,021","92,748","102,727","97,357"
2014,122,반석,"137,779","123,962","134,938","121,702","153,158","139,451","154,957","140,527","158,953","144,968","148,775","137,150","163,413","150,004","156,173","143,176","157,261","143,628","175,167","159,585","173,484","158,135","197,106","177,792"
2015,101,판암,"140,103","119,964","121,727","104,621","149,704","131,925","146,309","128,569","151,499","133,522","123,259","108,598","138,325","120,236","133,538","116,638","137,300","119,704","145,278","126,231","134,557","117,150","140,927","122,454"
2015,102,신흥,"58,101","48,494","49,917","42,365","62,109","52,610","61,918","52,701","64,596","54,745","54,061","45,753","59,549","51,486","57,959","50,197","60,526","51,938","64,591","55,817","60,958","52,360","65,425","55,359"
2015,103,대동,"167,893","142,951","137,027","117,956","204,259","177,490","195,244","168,862","198,391","169,467","157,615","133,686","162,400","139,061","163,618","142,629","179,646","152,905","189,045","163,507","179,900","156,705","179,237","155,185"
2015,104,대전,"338,133","339,420","298,998","299,928","346,646","345,775","344,052","347,941","366,612","368,128","269,224","274,896","324,010","328,129","332,045","331,019","332,064","336,562","345,785","350,536","334,843","334,716","346,164","351,834"
2015,105,중앙로,"217,749","239,720","202,138","221,174","219,426","240,776","197,064","220,220","236,105","260,536","167,146","184,676","210,010","229,236","207,396","226,973","200,365","220,826","212,766","234,283","201,850","221,772","243,757","265,242"
2015,106,중구청,"76,903","84,004","63,130","68,750","82,771","88,301","82,199","88,531","79,631","86,032","63,339","67,895","76,362","81,890","69,324","74,033","74,386","78,631","80,443","84,741","77,107","82,066","77,170","82,681"
2015,107,서대전네거리,"241,658","251,065","206,798","214,537","250,215","257,789","247,105","253,860","254,575","263,593","195,355","201,891","227,927","234,691","221,211","229,828","224,660","232,312","242,013","250,473","231,019","238,989","247,523","255,631"
2015,108,오룡,"142,741","130,328","121,703","110,466","151,710","136,124","150,410","135,141","146,593","131,859","123,715","111,366","138,421","123,444","130,275","116,287","137,059","121,660","147,111","130,669","145,327","129,596","149,517","134,366"
2015,109,용문,"237,933","241,023","201,225","203,880","245,918","250,054","238,715","241,673","241,553","243,362","200,987","200,998","227,425","228,352","217,525","218,546","220,247","222,723","240,494","244,612","229,276","231,971","246,334","248,556"
2015,110,탄방,"164,160","181,992","136,396","150,984","167,602","185,462","161,455","179,554","160,225","178,636","135,997","152,341","154,594","173,902","148,663","166,379","150,338","168,426","160,797","180,004","154,400","172,963","165,052","185,672"
2015,111,시청,"257,499","279,492","212,537","231,948","244,560","267,168","234,969","256,849","239,125","259,496","197,407","216,631","239,081","261,438","226,607","246,055","220,134","240,641","235,137","255,423","229,521","249,634","252,730","278,638"
2015,112,정부청사,"210,927","230,734","176,484","191,504","218,981","238,136","214,730","233,830","218,920","237,196","171,188","188,061","196,199","214,372","187,997","203,860","193,434","209,507","212,002","229,002","203,289","220,304","215,470","234,722"
2015,113,갈마,"102,738","99,367","88,780","86,083","104,817","101,697","101,945","98,594","106,050","101,782","85,273","81,762","97,766","94,312","92,866","88,985","94,316","91,355","101,341","97,619","97,762","93,304","105,262","100,754"
2015,114,월평,"127,089","127,454","107,032","107,703","133,727","135,359","129,564","130,619","134,787","136,242","107,483","108,160","118,653","119,459","115,531","118,290","119,221","122,414","131,450","132,780","124,736","126,776","128,357","128,383"
2015,115,갑천,"33,925","32,950","28,176","27,137","35,817","35,317","35,060","34,257","36,009","35,654","28,939","27,944","32,100","30,544","30,318","28,782","31,319","29,934","33,400","32,979","31,698","30,967","33,212","32,085"
2015,116,유성온천,"283,472","280,853","240,865","238,714","301,464","298,042","288,470","286,147","302,588","303,999","226,529","223,823","257,817","254,990","250,182","250,171","263,079","263,694","285,547","285,150","277,960","279,885","301,679","299,179"
2015,117,구암,"89,259","89,604","75,926","76,938","96,399","97,715","94,239","95,656","96,546","99,503","78,156","78,765","84,465","85,268","81,521","83,306","87,210","89,368","92,689","93,799","87,916","89,174","90,104","90,327"
2015,118,현충원,"65,106","47,687","58,230","41,334","93,398","74,004","94,376","75,480","97,146","75,809","67,760","54,438","66,539","49,152","68,876","50,571","84,123","67,270","90,302","72,464","83,180","67,012","77,692","59,305"
2015,119,월드컵경기장,"74,805","68,164","62,855","57,984","83,261","81,264","76,083","71,244","76,890","72,091","64,666","60,621","71,756","66,552","72,057","67,096","70,750","65,949","80,471","74,922","74,019","68,276","78,836","72,779"
2015,120,노은,"139,300","145,093","118,765","123,372","133,836","140,261","129,738","136,251","136,138","142,291","109,614","114,438","129,751","135,825","129,246","135,905","124,726","130,955","134,109","141,939","127,421","134,325","138,706","144,122"
2015,121,지족,"90,410","86,414","75,538","71,770","102,807","99,351","99,733","96,104","98,185","93,185","82,110","80,174","88,212","85,121","84,429","81,207","90,728","88,181","97,810","93,160","95,548","91,612","96,072","91,381"
2015,122,반석,"188,248","171,467","162,385","148,008","202,418","185,038","198,873","179,643","203,437","185,556","173,466","158,402","200,996","184,179","194,137","177,861","201,158","180,577","217,352","196,466","208,215","188,606","222,730","199,870"
2016,101,판암,"125,966","109,511","117,145","101,554","140,817","123,636","137,629","120,329","141,688","123,867","133,458","115,693","129,611","112,299","127,842","110,563","125,959","108,488","135,574","116,546","131,590","113,042","134,611","115,485"
2016,102,신흥,"59,586","51,283","55,094","46,601","65,989","56,187","63,771","54,425","65,706","56,127","63,041","54,139","60,482","52,666","59,989","51,518","59,150","50,455","63,545","54,843","62,870","53,849","65,707","56,109"
2016,103,대동,"151,686","133,984","133,190","117,564","195,302","173,850","182,516","160,803","185,901","164,273","169,102","149,492","153,404","134,763","145,201","127,231","162,208","141,896","172,147","152,321","170,794","152,653","166,440","146,178"
2016,104,대전,"323,871","323,051","302,993","303,494","340,821","341,984","340,586","345,185","354,420","352,518","328,413","333,245","325,161","329,376","317,179","320,120","316,536","321,658","329,039","331,067","315,330","320,176","332,243","335,499"
2016,105,중앙로,"211,815","232,093","218,467","235,944","219,875","240,296","205,378","227,784","230,817","253,134","197,360","217,252","216,645","235,582","211,162","231,806","194,371","216,598","206,377","227,518","198,232","218,794","230,077","251,625"
2016,106,중구청,"68,250","73,021","64,309","69,159","80,336","84,719","75,611","80,850","77,877","82,876","73,892","78,622","71,865","76,025","68,975","72,608","67,636","70,777","75,198","78,086","75,991","78,808","75,032","79,004"
2016,107,서대전네거리,"223,121","230,534","208,868","217,055","242,285","248,202","235,884","244,620","242,038","249,518","224,105","231,177","219,778","228,489","209,897","216,775","204,699","210,890","225,936","232,207","223,629","229,471","233,030","240,739"
2016,108,오룡,"134,027","121,172","120,153","109,453","150,280","134,862","142,078","127,689","144,658","130,293","138,058","123,451","133,207","118,425","129,128","115,236","127,498","112,814","138,377","123,346","142,298","126,383","144,765","129,777"
2016,109,용문,"229,665","231,838","207,761","209,581","247,988","251,622","237,184","238,311","241,486","240,463","231,346","230,322","228,587","227,896","224,839","224,921","213,974","214,652","235,678","236,907","232,502","234,346","245,119","246,839"
2016,110,탄방,"151,458","168,160","137,537","152,840","161,574","178,420","152,253","168,916","157,918","176,453","154,112","173,144","153,491","172,355","150,005","167,350","140,495","158,138","152,650","174,615","152,936","173,278","166,089","189,227"
2016,111,시청,"246,792","264,458","220,653","239,177","243,704","263,443","229,977","249,952","236,060","256,405","227,846","247,507","239,782","258,378","228,994","246,753","211,172","230,725","227,859","247,749","231,941","253,458","250,892","276,371"
2016,112,정부청사,"194,797","211,285","178,837","192,229","211,125","228,000","201,743","216,407","207,414","223,955","195,278","210,278","190,853","205,204","183,434","197,521","179,912","192,477","197,279","212,316","198,568","212,636","205,191","221,722"
2016,113,갈마,"95,582","91,830","89,420","86,263","102,295","98,354","99,387","95,075","102,199","98,069","96,288","91,441","94,645","90,212","90,839","86,467","89,973","86,040","98,329","93,356","97,587","93,020","102,468","97,483"
2016,114,월평,"119,586","120,921","107,472","108,235","129,122","132,421","127,436","127,994","128,766","130,565","119,019","119,690","118,861","120,200","113,451","115,772","114,402","116,842","127,531","128,915","121,931","122,000","125,843","124,627"
2016,115,갑천,"31,294","30,363","28,973","28,144","34,302","33,425","33,397","33,173","35,175","33,883","32,889","31,856","30,320","29,057","30,793","29,403","30,001","28,995","33,429","33,092","31,827","31,346","33,294","32,031"
2016,116,유성온천,"264,979","266,222","244,889","245,091","295,007","296,283","280,709","282,775","295,493","301,803","269,954","272,529","261,979","264,196","252,417","255,708","255,918","257,991","279,331","283,742","279,245","283,542","299,901","303,268"
2016,117,구암,"78,840","79,907","74,222","75,929","92,142","93,780","90,289","91,703","90,439","91,698","86,169","86,191","80,815","80,173","78,210","78,664","80,568","81,895","88,443","88,507","85,515","86,721","85,275","85,470"
2016,118,현충원,"63,731","45,872","60,419","43,063","90,487","72,955","94,828","75,758","96,681","77,078","81,896","64,716","68,029","51,067","68,740","52,282","80,542","64,981","86,112","70,352","84,169","69,371","76,082","58,340"
2016,119,월드컵경기장,"70,602","64,333","62,871","57,667","75,845","71,036","74,170","68,001","75,060","69,386","75,970","70,193","71,506","65,556","70,101","63,818","69,067","64,374","76,100","70,270","75,384","69,152","78,987","72,590"
2016,120,노은,"127,953","134,709","119,110","125,441","128,608","136,994","124,062","131,425","130,246","137,779","123,031","130,953","127,107","135,221","125,012","133,849","116,987","125,091","127,276","135,201","127,130","134,949","136,725","143,515"
2016,121,지족,"86,574","82,928","77,989","73,941","98,622","95,020","93,678","89,543","95,774","92,631","89,684","86,739","85,418","82,011","84,021","81,090","88,586","84,617","95,849","92,237","96,335","91,747","98,081","92,814"
2016,122,반석,"203,257","184,471","189,136","170,139","220,725","199,394","212,596","192,462","218,184","199,229","210,145","192,331","207,691","189,449","199,126","180,176","191,222","170,959","208,291","185,564","207,593","184,560","217,312","192,647"
2017,101,판암,"119,873","102,724","117,214","101,434","134,120","118,008","131,167","114,539","133,288"," 116,143 "," 127,581 "," 110,535 "," 120,744 "," 104,537 "," 122,091 "," 104,509 "," 128,567 "," 111,104 "," 120,147 "," 102,797 "," 127,827 "," 109,975 "," 126,770 "," 108,988 "
2017,102,신흥,"59,941","50,550","58,175","49,245","65,252","56,282","62,937","54,969","64,392"," 56,470 "," 62,965 "," 54,975 "," 60,740 "," 52,998 "," 60,507 "," 52,941 "," 64,046 "," 56,009 "," 58,194 "," 50,567 "," 62,434 "," 54,458 "," 63,438 "," 53,820 "
2017,103,대동,"135,065","120,158","130,851","116,529","182,487","161,603","170,144","150,746","174,540"," 155,036 "," 159,592 "," 141,446 "," 144,740 "," 127,382 "," 139,787 "," 123,649 "," 167,024 "," 145,569 "," 145,892 "," 128,040 "," 164,762 "," 143,266 "," 159,648 "," 137,577 "
2017,104,대전,"323,127","319,575","311,976","308,512","344,080","342,915","338,455","337,404","351,677"," 348,757 "," 338,899 "," 340,400 "," 330,967 "," 328,305 "," 336,725 "," 333,886 "," 355,203 "," 356,856 "," 330,738 "," 325,191 "," 345,434 "," 342,501 "," 352,825 "," 351,551 "
2017,105,중앙로,"204,935","226,823","212,507","234,378","213,514","235,236","199,037","221,142","221,769"," 245,494 "," 196,753 "," 219,027 "," 211,363 "," 231,352 "," 203,381 "," 224,934 "," 200,698 "," 222,559 "," 195,529 "," 215,240 "," 194,635 "," 215,742 "," 227,043 "," 248,044 "
2017,106,중구청,"64,811","69,834","65,595","69,989","78,094","82,019","73,662","78,152","74,822"," 79,185 "," 74,577 "," 78,393 "," 72,146 "," 75,660 "," 71,228 "," 74,550 "," 76,843 "," 80,019 "," 67,198 "," 70,832 "," 79,075 "," 83,061 "," 74,700 "," 79,099 "
2017,107,서대전네거리,"209,386","217,184","212,866","219,666","234,088","241,255","224,595","231,391","230,276"," 236,949 "," 219,001 "," 226,128 "," 208,930 "," 217,865 "," 207,559 "," 216,172 "," 221,915 "," 230,675 "," 200,010 "," 207,861 "," 218,600 "," 227,587 "," 223,750 "," 233,616 "
2017,108,오룡,"129,169","116,866","129,219","117,364","149,878","134,948","140,987","125,714","143,593"," 128,545 "," 139,887 "," 124,947 "," 131,821 "," 118,864 "," 133,209 "," 120,171 "," 143,874 "," 129,363 "," 124,738 "," 112,810 "," 142,841 "," 129,123 "," 139,588 "," 127,064 "
2017,109,용문,"222,867","223,251","216,893","217,946","248,702","249,333","236,921","236,925","240,408"," 239,487 "," 231,536 "," 231,505 "," 229,887 "," 229,980 "," 226,260 "," 226,263 "," 235,077 "," 236,374 "," 212,954 "," 213,208 "," 230,804 "," 233,855 "," 236,554 "," 238,686 "
2017,110,탄방,"150,724","169,012","148,053","163,782","162,561","181,787","152,157","170,128","158,553"," 177,570 "," 153,779 "," 172,487 "," 150,504 "," 168,178 "," 153,352 "," 171,842 "," 159,154 "," 178,338 "," 140,555 "," 158,816 "," 159,339 "," 179,830 "," 166,934 "," 188,613 "
2017,111,시청,"238,379","258,937","241,025","261,589","243,053","265,507","223,137","242,867","232,729"," 252,252 "," 227,366 "," 246,416 "," 234,092 "," 249,596 "," 228,399 "," 243,645 "," 231,467 "," 250,435 "," 202,956 "," 220,118 "," 229,787 "," 247,996 "," 238,152 "," 257,458 "
2017,112,정부청사,"187,314","199,289","187,200","200,344","205,522","220,591","194,594","207,896","199,221"," 213,311 "," 193,195 "," 207,568 "," 184,550 "," 199,050 "," 187,707 "," 198,921 "," 200,698 "," 212,213 "," 172,096 "," 184,712 "," 198,821 "," 212,451 "," 199,462 "," 216,075 "
2017,113,갈마,"92,699","89,788","91,773","88,997","101,785","97,571","97,875","93,399","100,391"," 95,746 "," 96,071 "," 91,808 "," 92,827 "," 88,364 "," 91,783 "," 87,085 "," 96,462 "," 92,097 "," 87,961 "," 85,147 "," 94,172 "," 91,024 "," 96,350 "," 93,764 "
2017,114,월평,"113,393","113,190","111,380","110,027","126,850","126,717","122,417","122,253","122,572"," 122,581 "," 117,804 "," 116,371 "," 115,095 "," 114,017 "," 111,878 "," 111,524 "," 121,254 "," 120,192 "," 114,044 "," 113,713 "," 120,889 "," 119,746 "," 123,603 "," 122,708 "
2017,115,갑천,"29,792","28,703","29,878","28,903","34,509","33,343","33,113","33,127","33,500"," 32,499 "," 32,358 "," 31,229 "," 29,073 "," 27,934 "," 29,341 "," 28,171 "," 32,596 "," 32,098 "," 29,799 "," 29,927 "," 32,840 "," 32,285 "," 31,953 "," 31,206 "
2017,116,유성온천,"264,550","270,567","262,937","267,704","299,223","303,830","279,969","287,008","297,410"," 305,455 "," 273,093 "," 277,418 "," 259,047 "," 266,397 "," 258,145 "," 265,763 "," 280,584 "," 287,656 "," 257,540 "," 264,424 "," 286,955 "," 293,539 "," 301,044 "," 307,493 "
2017,117,구암,"75,582","76,083","74,865","75,632","91,219","92,111","88,342","88,472","89,465"," 89,877 "," 86,535 "," 86,423 "," 78,428 "," 78,316 "," 78,518 "," 78,504 "," 89,405 "," 89,339 "," 78,536 "," 78,688 "," 85,336 "," 85,397 "," 82,488 "," 81,132 "
2017,118,현충원,"64,339","47,098","63,108","46,273","93,379","76,059","92,304","75,618","93,343"," 76,684 "," 80,213 "," 65,399 "," 65,301 "," 50,058 "," 67,468 "," 52,661 "," 84,039 "," 69,570 "," 78,045 "," 63,913 "," 81,866 "," 67,563 "," 72,509 "," 55,541 "
2017,119,월드컵경기장,"70,217","64,046","67,926","62,225","76,956","72,298","73,663","68,515","79,531"," 73,739 "," 80,853 "," 75,378 "," 74,804 "," 69,064 "," 75,962 "," 71,117 "," 90,864 "," 85,500 "," 73,486 "," 67,238 "," 81,243 "," 74,125 "," 83,078 "," 75,033 "
2017,120,노은,"125,467","132,450","124,290","131,036","131,111","138,873","122,093","128,915","129,364"," 137,072 "," 123,013 "," 130,223 "," 124,045 "," 131,121 "," 124,109 "," 132,101 "," 126,289 "," 133,167 "," 114,490 "," 120,364 "," 125,764 "," 130,837 "," 131,055 "," 136,155 "
2017,121,지족,"85,546","81,933","85,086","81,102","101,226","96,832","94,516","90,550","96,074"," 91,614 "," 92,172 "," 88,116 "," 84,106 "," 80,997 "," 84,606 "," 81,095 "," 92,343 "," 88,287 "," 80,930 "," 76,960 "," 93,205 "," 89,272 "," 90,674 "," 85,843 "
2017,122,반석,"195,505","174,367","195,565","174,313","213,888","192,526","202,562","183,881","209,797"," 191,174 "," 208,450 "," 189,474 "," 205,787 "," 189,003 "," 205,294 "," 188,399 "," 217,318 "," 192,226 "," 195,292 "," 180,100 "," 215,677 "," 198,018 "," 224,854 "," 204,822 "
2018,101,판암," 120,099 "," 103,185 "," 106,864 "," 91,641 "," 131,243 "," 113,647 ","127,007"," 109,070 ",,,,,,,,,,,,,,,,
2018,102,신흥," 61,193 "," 52,844 "," 52,700 "," 45,790 "," 63,580 "," 55,355 ","61,863"," 53,571 ",,,,,,,,,,,,,,,,
2018,103,대동," 142,370 "," 124,856 "," 118,222 "," 103,734 "," 171,351 "," 151,238 ","164,067"," 145,909 ",,,,,,,,,,,,,,,,
2018,104,대전," 333,307 "," 326,833 "," 302,244 "," 299,060 "," 357,075 "," 350,760 ","351,422"," 343,433 ",,,,,,,,,,,,,,,,
2018,105,중앙로," 202,440 "," 223,767 "," 194,715 "," 213,812 "," 213,646 "," 235,855 ","191,537"," 213,416 ",,,,,,,,,,,,,,,,
2018,106,중구청," 73,520 "," 77,848 "," 60,496 "," 64,911 "," 77,291 "," 81,760 ","75,996"," 80,622 ",,,,,,,,,,,,,,,,
2018,107,서대전네거리," 213,500 "," 223,797 "," 186,621 "," 195,742 "," 226,266 "," 235,406 ","217,652"," 226,224 ",,,,,,,,,,,,,,,,
2018,108,오룡," 134,608 "," 123,976 "," 115,686 "," 106,426 "," 142,954 "," 129,793 ","140,305"," 127,318 ",,,,,,,,,,,,,,,,
2018,109,용문," 231,487 "," 234,666 "," 200,055 "," 203,228 "," 240,977 "," 243,509 ","232,539"," 236,493 ",,,,,,,,,,,,,,,,
2018,110,탄방," 166,770 "," 185,059 "," 137,512 "," 151,811 "," 164,833 "," 183,118 ","156,067"," 173,799 ",,,,,,,,,,,,,,,,
2018,111,시청," 251,064 "," 267,065 "," 210,406 "," 224,643 "," 237,603 "," 255,727 ","222,779"," 239,059 ",,,,,,,,,,,,,,,,
2018,112,정부청사," 200,329 "," 213,969 "," 171,407 "," 182,622 "," 207,089 "," 221,076 ","200,028"," 214,230 ",,,,,,,,,,,,,,,,
2018,113,갈마," 92,431 "," 89,718 "," 82,157 "," 80,384 "," 96,523 "," 93,641 ","94,028"," 90,990 ",,,,,,,,,,,,,,,,
2018,114,월평," 116,077 "," 115,567 "," 101,236 "," 100,100 "," 124,028 "," 124,205 ","119,456"," 120,292 ",,,,,,,,,,,,,,,,
2018,115,갑천," 31,235 "," 30,620 "," 27,165 "," 26,337 "," 33,081 "," 32,741 ","31,823"," 31,326 ",,,,,,,,,,,,,,,,
2018,116,유성온천," 278,648 "," 286,408 "," 241,727 "," 247,547 "," 298,988 "," 304,086 ","284,934"," 291,541 ",,,,,,,,,,,,,,,,
2018,117,구암," 76,111 "," 75,151 "," 68,338 "," 68,286 "," 86,537 "," 85,961 ","84,928"," 84,403 ",,,,,,,,,,,,,,,,
2018,118,현충원," 62,057 "," 46,231 "," 56,458 "," 41,254 "," 86,229 "," 72,211 ","87,152"," 72,598 ",,,,,,,,,,,,,,,,
2018,119,월드컵경기장," 80,709 "," 71,854 "," 70,138 "," 62,905 "," 84,570 "," 76,405 ","82,909"," 74,895 ",,,,,,,,,,,,,,,,
2018,120,노은," 128,606 "," 135,406 "," 111,877 "," 117,670 "," 127,802 "," 134,856 ","120,181"," 127,575 ",,,,,,,,,,,,,,,,
2018,121,지족," 87,613 "," 83,473 "," 75,745 "," 71,688 "," 94,930 "," 90,185 ","90,278"," 87,709 ",,,,,,,,,,,,,,,,
2018,122,반석," 222,149 "," 203,137 "," 193,386 "," 175,364 "," 230,281 "," 212,055 ","227,258"," 209,113 ",,,,,,,,,,,,,,,,
